{
	"credit": "Created by Stridey",
	"textures": {
		"particle": "#all",
		"all": "block/oak_planks"
	},
	"elements": [
		{
			"from": [0, 0, 0],
			"to": [16, 8, 16],
			"faces": {
				"north": {"uv": [0, 8, 16, 16], "texture": "#all"},
				"east": {"uv": [0, 8, 16, 16], "texture": "#all"},
				"south": {"uv": [0, 8, 16, 16], "texture": "#all"},
				"west": {"uv": [0, 8, 16, 16], "texture": "#all"},
				"up": {"uv": [0, 0, 16, 16], "rotation": 180, "texture": "#all"},
				"down": {"uv": [0, 0, 16, 16], "texture": "#all"}
			}
		},
		{
			"from": [0, 8, 8],
			"to": [16, 16, 16],
			"faces": {
				"north": {"uv": [0, 0, 16, 8], "texture": "#all"},
				"east": {"uv": [0, 0, 8, 8], "texture": "#all"},
				"south": {"uv": [0, 0, 16, 8], "texture": "#all"},
				"west": {"uv": [8, 0, 16, 8], "texture": "#all"},
				"up": {"uv": [0, 0, 16, 8], "rotation": 180, "texture": "#all"}
			}
		}
	],
	"display": {
		"thirdperson_righthand": {
			"rotation": [75, 135, 0],
			"translation": [0, 2.5, 0],
			"scale": [0.375, 0.375, 0.375]
		},
		"firstperson_righthand": {
			"rotation": [0, -135, 0],
			"scale": [0.4, 0.4, 0.4]
		},
		"ground": {
			"translation": [0, -1.25, 0],
			"scale": [0.5, 0.5, 0.5]
		},
		"gui": {
			"rotation": [30, 135, 0],
			"scale": [0.625, 0.625, 0.625]
		}
	}
}