{
	"credit": "Made with Blockbench",
	"ambientocclusion": false,
	"textures": {
		"particle": "block/cobblestone",
		"base": "block/cobblestone",
		"lever": "block/lever"
	},
	"elements": [
		{
			"from": [4, 0, 4],
			"to": [12, 9.5, 12],
			"rotation": {"angle": 0, "axis": "y", "origin": [-1, 0, 0]},
			"faces": {
				"north": {"uv": [4, 6.5, 12, 16], "texture": "#base"},
				"east": {"uv": [4, 6.5, 12, 16], "texture": "#base"},
				"south": {"uv": [4, 6.5, 12, 16], "texture": "#base"},
				"west": {"uv": [4, 6.5, 12, 16], "texture": "#base"},
				"up": {"uv": [4, 4, 12, 12], "texture": "#base"},
				"down": {"uv": [4, 4, 12, 12], "texture": "#base"}
			}
		},
		{
			"from": [7, 7, 5],
			"to": [9, 9, 15],
			"rotation": {"angle": -45, "axis": "x", "origin": [8, 8, 15]},
			"faces": {
				"north": {"uv": [17, 26, 19, 28], "texture": "#lever"},
				"east": {"uv": [7, 6, 9, 16], "rotation": 90, "texture": "#lever"},
				"south": {"uv": [7, 6, 9, 8], "rotation": 180, "texture": "#lever"},
				"west": {"uv": [7, 6, 9, 16], "rotation": 270, "texture": "#lever"},
				"up": {"uv": [7, 6, 9, 16], "texture": "#lever"},
				"down": {"uv": [7, 6, 9, 16], "rotation": 180, "texture": "#lever"}
			}
		}
	]
}