{
	"texture_size": [64, 16],
	"textures": {
		"0": "minecraft:block/melon",
		"particle": "minecraft:block/melon"
	},
	"elements": [
		{
			"name": "inner_head",
			"from": [4, 1, 4],
			"to": [12, 9, 12],
			"faces": {
				"north": {"uv": [2, 8, 4, 16], "texture": "#0"},
				"east": {"uv": [0, 8, 2, 16], "texture": "#0"},
				"south": {"uv": [6, 8, 8, 16], "texture": "#0"},
				"west": {"uv": [4, 8, 6, 16], "texture": "#0"},
				"up": {"uv": [4, 8, 2, 0], "texture": "#0"},
				"down": {"uv": [6, 8, 4, 0], "texture": "#0"}
			}
		},
		{
			"name": "outer_head",
			"from": [3.5, 0.5, 3.5],
			"to": [12.5, 9.5, 12.5],
			"faces": {
				"north": {"uv": [10, 8, 12, 16], "texture": "#0"},
				"east": {"uv": [8, 8, 10, 16], "texture": "#0"},
				"south": {"uv": [14, 8, 16, 16], "texture": "#0"},
				"west": {"uv": [12, 8, 14, 16], "texture": "#0"},
				"up": {"uv": [12, 8, 10, 0], "texture": "#0"},
				"down": {"uv": [14, 8, 12, 0], "texture": "#0"}
			}
		}
	],
	"gui_light": "front",
	"display": {
		"thirdperson_righthand": {
			"rotation": [75, 45, 0],
			"translation": [0, 2.5, 0],
			"scale": [0.375, 0.375, 0.375]
		},
		"thirdperson_lefthand": {
			"rotation": [75, 45, 0],
			"translation": [0, 2.5, 0],
			"scale": [0.375, 0.375, 0.375]
		},
		"firstperson_righthand": {
			"rotation": [0, 45, 0],
			"scale": [0.4, 0.4, 0.4]
		},
		"firstperson_lefthand": {
			"rotation": [0, 225, 0],
			"scale": [0.4, 0.4, 0.4]
		},
		"ground": {
			"translation": [0, 1.75, 0],
			"scale": [0.75, 0.75, 0.75]
		},
		"gui": {
			"rotation": [30, 225, 0],
			"translation": [0, 1.25, 0],
			"scale": [0.75, 0.75, 0.75]
		},
		"head": {
			"translation": [0, 4.8, 0],
			"scale": [1.6, 1.6, 1.6]
		},
		"fixed": {
			"translation": [0, 3.25, 0],
			"scale": [0.75, 0.75, 0.75]
		}
	}
}