{
  "ambient.cave": {
    "replace": true,
    "sounds": [
      "ambient/cave/cave1",
      "ambient/cave/cave2",
      "ambient/cave/cave3",
      "ambient/cave/cave4",
      "ambient/cave/cave5",
      "ambient/cave/cave6",
      "ambient/cave/cave7",
      "ambient/cave/cave8",
      "ambient/cave/cave9",
      "ambient/cave/cave10",
      "ambient/cave/cave11",
      "ambient/cave/cave12",
      "ambient/cave/cave13"
    ],
    "subtitle": "subtitles.ambient.cave"
  },
  "ambient.nether_wastes.additions": {
    "replace": true,
    "sounds": []
  },
  "ambient.nether_wastes.loop": {
    "replace": true,
    "sounds": []
  },
  "ambient.nether_wastes.mood": {
    "replace": true,
    "sounds": []
  },
  "ambient.underwater.enter": {
    "replace": true,
    "sounds": []
  },
  "ambient.underwater.exit": {
    "replace": true,
    "sounds": []
  },
  "ambient.underwater.loop": {
    "replace": true,
    "sounds": []
  },
  "ambient.underwater.loop.additions": {
    "replace": true,
    "sounds": []
  },
  "ambient.underwater.loop.additions.rare": {
    "replace": true,
    "sounds": []
  },
  "ambient.underwater.loop.additions.ultra_rare": {
    "replace": true,
    "sounds": []
  },
  "block.shulker_box.close": {
    "replace": true,
    "sounds": []
  },
  "block.shulker_box.open": {
    "replace": true,
    "sounds": []
  },
  "block.chest.close": {
    "replace": true,
    "sounds": []
  },
  "block.chest.locked": {
    "replace": true,
    "sounds": []
  },
  "block.chest.open": {
    "replace": true,
    "sounds": []
  },
  "block.dispenser.dispense": {
    "sounds": [
      "random/click"
    ],
    "subtitle": "subtitles.block.dispenser.dispense"
  },
  "block.dispenser.fail": {
    "sounds": [
      "random/click"
    ],
    "subtitle": "subtitles.block.dispenser.fail"
  },
  "block.dispenser.launch": {
    "replace": true,
    "sounds": [
      "random/bow"
    ],
    "subtitle": "subtitles.block.dispenser.dispense"
  },
  "block.fire.ambient": {
    "sounds": [
      "fire/fire"
    ],
    "subtitle": "subtitles.block.fire.ambient"
  },
  "block.fire.extinguish": {
    "sounds": [
      "random/fizz"
    ],
    "subtitle": "subtitles.block.fire.extinguish"
  },
  "block.furnace.fire_crackle": {
    "replace": true,
    "sounds": []
  },
  "block.blastfurnace.fire_crackle": {
    "replace": true,
    "sounds": []
  },
  "block.glass.break": {
    "sounds": [
      "random/glass1",
      "random/glass2",
      "random/glass3"
    ],
    "subtitle": "subtitles.block.generic.break"
  },
  "block.glass.fall": {
    "replace": true,
    "sounds": [
      "dig/stone1",
      "dig/stone2",
      "dig/stone3",
      "dig/stone4"
    ]
  },
  "block.glass.hit": {
    "replace": true,
    "sounds": [
      "dig/stone1",
      "dig/stone2",
      "dig/stone3",
      "dig/stone4"
    ],
    "subtitle": "subtitles.block.generic.hit"
  },
  "block.glass.place": {
    "sounds": [
      "dig/stone1",
      "dig/stone2",
      "dig/stone3",
      "dig/stone4"
    ],
    "subtitle": "subtitles.block.generic.place"
  },
  "block.glass.step": {
    "replace": true,
    "sounds": [
      "dig/stone1",
      "dig/stone2",
      "dig/stone3",
      "dig/stone4"
    ],
    "subtitle": "subtitles.block.generic.footsteps"
  },
  "block.grass.break": {
    "sounds": [
      "dig/grass1",
      "dig/grass2",
      "dig/grass3",
      "dig/grass4"
    ],
    "subtitle": "subtitles.block.generic.break"
  },
  "block.grass.fall": {
    "replace": true,
    "sounds": [
      "dig/grass1",
      "dig/grass2",
      "dig/grass3",
      "dig/grass4"
    ]
  },
  "block.grass.hit": {
    "replace": true,
    "sounds": [
      "dig/grass1",
      "dig/grass2",
      "dig/grass3",
      "dig/grass4"
    ],
    "subtitle": "subtitles.block.generic.hit"
  },
  "block.grass.place": {
    "sounds": [
      "dig/grass1",
      "dig/grass2",
      "dig/grass3",
      "dig/grass4"
    ],
    "subtitle": "subtitles.block.generic.place"
  },
  "block.grass.step": {
    "replace": true,
    "sounds": [
      "dig/grass1",
      "dig/grass2",
      "dig/grass3",
      "dig/grass4"
    ],
    "subtitle": "subtitles.block.generic.footsteps"
  },
  "block.fungus.break": {
    "replace": true,
    "sounds": [
      "dig/grass1",
      "dig/grass2",
      "dig/grass3",
      "dig/grass4"
    ],
    "subtitle": "subtitles.block.generic.break"
  },
  "block.fungus.fall": {
    "replace": true,
    "sounds": [
      "dig/grass1",
      "dig/grass2",
      "dig/grass3",
      "dig/grass4"
    ]
  },
  "block.fungus.hit": {
    "replace": true,
    "sounds": [
      "dig/grass1",
      "dig/grass2",
      "dig/grass3",
      "dig/grass4"
    ],
    "subtitle": "subtitles.block.generic.hit"
  },
  "block.fungus.place": {
    "replace": true,
    "sounds": [
      "dig/grass1",
      "dig/grass2",
      "dig/grass3",
      "dig/grass4"
    ],
    "subtitle": "subtitles.block.generic.place"
  },
  "block.fungus.step": {
    "replace": true,
    "sounds": [
      "dig/grass1",
      "dig/grass2",
      "dig/grass3",
      "dig/grass4"
    ],
    "subtitle": "subtitles.block.generic.footsteps"
  },
  "block.gravel.break": {
    "replace": true,
    "sounds": [
      "dig/gravel1",
      "dig/gravel2",
      "dig/gravel3",
      "dig/gravel4"
    ],
    "subtitle": "subtitles.block.generic.break"
  },
  "block.gravel.fall": {
    "replace": true,
    "sounds": [
      "dig/gravel1",
      "dig/gravel2",
      "dig/gravel3",
      "dig/gravel4"
    ]
  },
  "block.gravel.hit": {
    "replace": true,
    "sounds": [
      "dig/gravel1",
      "dig/gravel2",
      "dig/gravel3",
      "dig/gravel4"
    ],
    "subtitle": "subtitles.block.generic.hit"
  },
  "block.gravel.place": {
    "replace": true,
    "sounds": [
      "dig/gravel1",
      "dig/gravel2",
      "dig/gravel3",
      "dig/gravel4"
    ],
    "subtitle": "subtitles.block.generic.place"
  },
  "block.gravel.step": {
    "replace": true,
    "sounds": [
      "dig/gravel1",
      "dig/gravel2",
      "dig/gravel3",
      "dig/gravel4"
    ],
    "subtitle": "subtitles.block.generic.footsteps"
  },
  "block.growing_plant.crop": {
    "replace": true,
    "sounds": []
  },
  "block.iron.break": {
    "replace": true,
    "sounds": [
      "dig/stone1",
      "dig/stone2",
      "dig/stone3",
      "dig/stone4"
    ],
    "subtitle": "subtitles.block.generic.break"
  },
  "block.iron.fall": {
    "replace": true,
    "sounds": [
      "dig/stone1",
      "dig/stone2",
      "dig/stone3",
      "dig/stone4"
    ],
    "subtitle": "subtitles.block.generic.fall"
  },
  "block.iron.hit": {
    "replace": true,
    "sounds": [
      "dig/stone1",
      "dig/stone2",
      "dig/stone3",
      "dig/stone4"
    ],
    "subtitle": "subtitles.block.generic.hit"
  },
  "block.iron.place": {
    "replace": true,
    "sounds": [
      "dig/stone1",
      "dig/stone2",
      "dig/stone3",
      "dig/stone4"
    ],
    "subtitle": "subtitles.block.generic.place"
  },
  "block.iron.step": {
    "replace": true,
    "sounds": [
      "dig/stone1",
      "dig/stone2",
      "dig/stone3",
      "dig/stone4"
    ],
    "subtitle": "subtitles.block.generic.footsteps"
  },
  "block.iron_door.close": {
    "replace": true,
    "sounds": [
      "block/door/door_close",
      "block/door/door_open"
    ],
    "subtitle": "subtitles.block.door.toggle"
  },
  "block.iron_door.open": {
    "replace": true,
    "sounds": [
      "block/door/door_close",
      "block/door/door_open"
    ],
    "subtitle": "subtitles.block.door.toggle"
  },
  "block.spawner.break": {
    "replace": true,
    "sounds": [
      "dig/stone1",
      "dig/stone2",
      "dig/stone3",
      "dig/stone4"
    ],
    "subtitle": "subtitles.block.generic.break"
  },
  "block.spawner.fall": {
    "replace": true,
    "sounds": [
      "dig/stone1",
      "dig/stone2",
      "dig/stone3",
      "dig/stone4"
    ],
    "subtitle": "subtitles.block.generic.fall"
  },
  "block.spawner.hit": {
    "replace": true,
    "sounds": [
      "dig/stone1",
      "dig/stone2",
      "dig/stone3",
      "dig/stone4"
    ],
    "subtitle": "subtitles.block.generic.hit"
  },
  "block.spawner.place": {
    "replace": true,
    "sounds": [
      "dig/stone1",
      "dig/stone2",
      "dig/stone3",
      "dig/stone4"
    ],
    "subtitle": "subtitles.block.generic.place"
  },
  "block.spawner.step": {
    "replace": true,
    "sounds": [
      "dig/stone1",
      "dig/stone2",
      "dig/stone3",
      "dig/stone4"
    ],
    "subtitle": "subtitles.block.generic.footsteps"
  },
  "block.ladder.break": {
    "sounds": [
      "dig/wood1",
      "dig/wood2",
      "dig/wood3",
      "dig/wood4"
    ],
    "subtitle": "subtitles.block.generic.break"
  },
  "block.ladder.fall": {
    "replace": true,
    "sounds": []
  },
  "block.ladder.hit": {
    "replace": true,
    "sounds": [
      {"name": "block.wood.hit", "type": "event"}
    ]
  },
  "block.ladder.place": {
    "sounds": [
      "dig/wood1",
      "dig/wood2",
      "dig/wood3",
      "dig/wood4"
    ],
    "subtitle": "subtitles.block.generic.place"
  },
  "block.ladder.step": {
    "replace": true,
    "sounds": []
  },
  "block.lava.ambient": {
    "replace": true,
    "sounds": []
  },
  "block.lava.extinguish": {
    "sounds": [
      "random/fizz"
    ],
    "subtitle": "subtitles.block.lava.extinguish"
  },
  "block.lava.pop": {
    "replace": true,
    "sounds": []
  },
  "block.lever.click": {
    "sounds": [
      "random/click"
    ],
    "subtitle": "subtitles.block.lever.click"
  },
  "block.metal.break": {
    "sounds": [
      "dig/stone1",
      "dig/stone2",
      "dig/stone3",
      "dig/stone4"
    ],
    "subtitle": "subtitles.block.generic.break"
  },
  "block.metal.fall": {
    "replace": true,
    "sounds": [
      "dig/stone1",
      "dig/stone2",
      "dig/stone3",
      "dig/stone4"
    ]
  },
  "block.metal.hit": {
    "replace": true,
    "sounds": [
      "dig/stone1",
      "dig/stone2",
      "dig/stone3",
      "dig/stone4"
    ],
    "subtitle": "subtitles.block.generic.hit"
  },
  "block.metal.place": {
    "sounds": [
      "dig/stone1",
      "dig/stone2",
      "dig/stone3",
      "dig/stone4"
    ],
    "subtitle": "subtitles.block.generic.place"
  },
  "block.metal.step": {
    "replace": true,
    "sounds": [
      "dig/stone1",
      "dig/stone2",
      "dig/stone3",
      "dig/stone4"
    ],
    "subtitle": "subtitles.block.generic.footsteps"
  },
  "block.netherrack.break": {
    "replace": true,
    "sounds": [
      "dig/stone1",
      "dig/stone2",
      "dig/stone3",
      "dig/stone4"
    ],
    "subtitle": "subtitles.block.generic.break"
  },
  "block.netherrack.fall": {
    "replace": true,
    "sounds": [
      "dig/stone1",
      "dig/stone2",
      "dig/stone3",
      "dig/stone4"
    ]
  },
  "block.netherrack.hit": {
    "replace": true,
    "sounds": [
      "dig/stone1",
      "dig/stone2",
      "dig/stone3",
      "dig/stone4"
    ],
    "subtitle": "subtitles.block.generic.hit"
  },
  "block.netherrack.place": {
    "replace": true,
    "sounds": [
      "dig/stone1",
      "dig/stone2",
      "dig/stone3",
      "dig/stone4"
    ],
    "subtitle": "subtitles.block.generic.place"
  },
  "block.netherrack.step": {
    "replace": true,
    "sounds": [
      "dig/stone1",
      "dig/stone2",
      "dig/stone3",
      "dig/stone4"
    ],
    "subtitle": "subtitles.block.generic.footsteps"
  },
  "block.note_block.bell": {
    "sounds": [
      "note/harp"
    ],
    "replace": true,
    "subtitle": "subtitles.block.note_block.note"
  },
  "block.note_block.flute": {
    "sounds": [
      "note/harp"
    ],
    "replace": true,
    "subtitle": "subtitles.block.note_block.note"
  },
  "block.note_block.iron_xylophone": {
    "sounds": [
      "note/harp"
    ],
    "replace": true,
    "subtitle": "subtitles.block.note_block.note"
  },
  "block.note_block.cow_bell": {
    "sounds": [
      "note/snare"
    ],
    "replace": true,
    "subtitle": "subtitles.block.note_block.note"
  },
  "block.note_block.pling": {
    "sounds": [
      "note/bd"
    ],
    "replace": true,
    "subtitle": "subtitles.block.note_block.note"
  },
  "block.note_block.guitar": {
    "sounds": [
      "note/harp"
    ],
    "replace": true,
    "subtitle": "subtitles.block.note_block.note"
  },
  "block.piston.contract": {
    "sounds": [
      "tile/piston/in"
    ],
    "subtitle": "subtitles.block.piston.move"
  },
  "block.piston.extend": {
    "sounds": [
      "tile/piston/out"
    ],
    "subtitle": "subtitles.block.piston.move"
  },
  "block.portal.ambient": {
    "sounds": [
      {
        "attenuation_distance": 10,
        "name": "portal/portal"
      }
    ],
    "subtitle": "subtitles.block.portal.ambient"
  },
  "block.portal.travel": {
    "sounds": [
      "portal/travel"
    ]
  },
  "block.portal.trigger": {
    "sounds": [
      "portal/trigger"
    ],
    "subtitle": "subtitles.block.portal.trigger"
  },
  "block.redstone_torch.burnout": {
    "sounds": [
      "random/fizz"
    ],
    "subtitle": "subtitles.block.redstone_torch.burnout"
  },
  "block.sand.idle": {
    "replace": true,
    "sounds": [],
    "subtitle": "subtitles.block.sand.idle"
  },
  "block.sand.break": {
    "replace": true,
    "sounds": [
      "dig/gravel1",
      "dig/gravel2",
      "dig/gravel3",
      "dig/gravel4"
    ],
    "subtitle": "subtitles.block.generic.break"
  },
  "block.sand.fall": {
    "replace": true,
    "sounds": [
      "dig/sand1",
      "dig/sand2",
      "dig/sand3",
      "dig/sand4"
    ]
  },
  "block.sand.hit": {
    "replace": true,
    "sounds": [
      "dig/sand1",
      "dig/sand2",
      "dig/sand3",
      "dig/sand4"
    ],
    "subtitle": "subtitles.block.generic.hit"
  },
  "block.sand.place": {
    "replace": true,
    "sounds": [
      "dig/sand1",
      "dig/sand2",
      "dig/sand3",
      "dig/sand4"
    ],
    "subtitle": "subtitles.block.generic.place"
  },
  "block.sand.step": {
    "replace": true,
    "sounds": [
      "dig/sand1",
      "dig/sand2",
      "dig/sand3",
      "dig/sand4"
    ],
    "subtitle": "subtitles.block.generic.footsteps"
  },
  "block.sand.wind": {
    "replace": true,
    "sounds": [],
    "subtitle": "subtitles.block.sand.wind"
  },
  "block.snow.break": {
    "sounds": [
      "dig/snow1",
      "dig/snow2",
      "dig/snow3",
      "dig/snow4"
    ],
    "subtitle": "subtitles.block.generic.break"
  },
  "block.snow.fall": {
    "sounds": [
      "step/snow1",
      "step/snow2",
      "step/snow3",
      "step/snow4"
    ]
  },
  "block.snow.hit": {
    "sounds": [
      "step/snow1",
      "step/snow2",
      "step/snow3",
      "step/snow4"
    ],
    "subtitle": "subtitles.block.generic.hit"
  },
  "block.snow.place": {
    "sounds": [
      "dig/snow1",
      "dig/snow2",
      "dig/snow3",
      "dig/snow4"
    ],
    "subtitle": "subtitles.block.generic.place"
  },
  "block.snow.step": {
    "sounds": [
      "step/snow1",
      "step/snow2",
      "step/snow3",
      "step/snow4"
    ],
    "subtitle": "subtitles.block.generic.footsteps"
  },
  "block.soul_sand.break": {
    "replace": true,
    "sounds": [
      "dig/gravel1",
      "dig/gravel2",
      "dig/gravel3",
      "dig/gravel4"
    ],
    "subtitle": "subtitles.block.generic.break"
  },
  "block.soul_sand.fall": {
    "replace": true,
    "sounds": [
      "dig/sand1",
      "dig/sand2",
      "dig/sand3",
      "dig/sand4"
    ]
  },
  "block.soul_sand.hit": {
    "replace": true,
    "sounds": [
      "dig/sand1",
      "dig/sand2",
      "dig/sand3",
      "dig/sand4"
    ],
    "subtitle": "subtitles.block.generic.hit"
  },
  "block.soul_sand.place": {
    "replace": true,
    "sounds": [
      "dig/sand1",
      "dig/sand2",
      "dig/sand3",
      "dig/sand4"
    ],
    "subtitle": "subtitles.block.generic.place"
  },
  "block.soul_sand.step": {
    "replace": true,
    "sounds": [
      "dig/sand1",
      "dig/sand2",
      "dig/sand3",
      "dig/sand4"
    ],
    "subtitle": "subtitles.block.generic.footsteps"
  },
  "block.stone.break": {
    "sounds": [
      "dig/stone1",
      "dig/stone2",
      "dig/stone3",
      "dig/stone4"
    ],
    "subtitle": "subtitles.block.generic.break"
  },
  "block.stone.fall": {
    "replace": true,
    "sounds": [
      "dig/stone1",
      "dig/stone2",
      "dig/stone3",
      "dig/stone4"
    ]
  },
  "block.stone.hit": {
    "replace": true,
    "sounds": [
      "dig/stone1",
      "dig/stone2",
      "dig/stone3",
      "dig/stone4"
    ],
    "subtitle": "subtitles.block.generic.hit"
  },
  "block.stone.place": {
    "sounds": [
      "dig/stone1",
      "dig/stone2",
      "dig/stone3",
      "dig/stone4"
    ],
    "subtitle": "subtitles.block.generic.place"
  },
  "block.stone.step": {
    "replace": true,
    "sounds": [
      "dig/stone1",
      "dig/stone2",
      "dig/stone3",
      "dig/stone4"
    ],
    "subtitle": "subtitles.block.generic.footsteps"
  },
  "block.stone_button.click_off": {
    "replace": true,
    "sounds": [
      {
        "name": "random/click",
        "pitch": 0.5,
        "volume": 0.3
      }
    ],
    "subtitle": "subtitles.block.button.click"
  },
  "block.stone_button.click_on": {
    "replace": true,
    "sounds": [
      {
        "name": "random/click",
        "pitch": 0.6,
        "volume": 0.3
      }
    ],
    "subtitle": "subtitles.block.button.click"
  },
  "block.stone_pressure_plate.click_off": {
    "replace": true,
    "sounds": [
      {
        "name": "random/click",
        "pitch": 0.5,
        "volume": 0.3
      }
    ],
    "subtitle": "subtitles.block.pressure_plate.click"
  },
  "block.stone_pressure_plate.click_on": {
    "replace": true,
    "sounds": [
      {
        "name": "random/click",
        "pitch": 0.6,
        "volume": 0.3
      }
    ],
    "subtitle": "subtitles.block.pressure_plate.click"
  },
  "block.water.ambient": {
    "sounds": [
      "liquid/water"
    ],
    "subtitle": "subtitles.block.water.ambient"
  },
  "block.wet_grass.break": {
    "sounds": [
      {
        "name": "dig/wet_grass1",
        "volume": 0.8
      },
      {
        "name": "dig/wet_grass2",
        "volume": 0.8
      },
      {
        "name": "dig/wet_grass3",
        "volume": 0.8
      },
      {
        "name": "dig/wet_grass4",
        "volume": 0.8
      }
    ],
    "subtitle": "subtitles.block.generic.break"
  },
  "block.wet_grass.fall": {
    "sounds": [
      "step/wet_grass1",
      "step/wet_grass2",
      "step/wet_grass3",
      "step/wet_grass4",
      "step/wet_grass5",
      "step/wet_grass6"
    ]
  },
  "block.wet_grass.hit": {
    "sounds": [
      "step/wet_grass1",
      "step/wet_grass2",
      "step/wet_grass3",
      "step/wet_grass4",
      "step/wet_grass5",
      "step/wet_grass6"
    ],
    "subtitle": "subtitles.block.generic.hit"
  },
  "block.wet_grass.place": {
    "sounds": [
      {
        "name": "dig/wet_grass1",
        "volume": 0.8
      },
      {
        "name": "dig/wet_grass2",
        "volume": 0.8
      },
      {
        "name": "dig/wet_grass3",
        "volume": 0.8
      },
      {
        "name": "dig/wet_grass4",
        "volume": 0.8
      }
    ],
    "subtitle": "subtitles.block.generic.place"
  },
  "block.wet_grass.step": {
    "sounds": [
      "step/wet_grass1",
      "step/wet_grass2",
      "step/wet_grass3",
      "step/wet_grass4",
      "step/wet_grass5",
      "step/wet_grass6"
    ],
    "subtitle": "subtitles.block.generic.footsteps"
  },
  "block.wood.break": {
    "sounds": [
      "dig/wood1",
      "dig/wood2",
      "dig/wood3",
      "dig/wood4"
    ],
    "subtitle": "subtitles.block.generic.break"
  },
  "block.wood.fall": {
    "replace": true,
    "sounds": [
      "dig/wood1",
      "dig/wood2",
      "dig/wood3",
      "dig/wood4"
    ]
  },
  "block.wood.hit": {
    "replace": true,
    "sounds": [
      "dig/wood1",
      "dig/wood2",
      "dig/wood3",
      "dig/wood4"
    ],
    "subtitle": "subtitles.block.generic.hit"
  },
  "block.wood.place": {
    "sounds": [
      "dig/wood1",
      "dig/wood2",
      "dig/wood3",
      "dig/wood4"
    ],
    "subtitle": "subtitles.block.generic.place"
  },
  "block.wood.step": {
    "replace": true,
    "sounds": [
      "dig/wood1",
      "dig/wood2",
      "dig/wood3",
      "dig/wood4"
    ],
    "subtitle": "subtitles.block.generic.footsteps"
  },
  "block.wooden_button.click_off": {
    "replace": true,
    "sounds": [
      {
        "name": "random/click",
        "pitch": 0.5,
        "volume": 0.3
      }
    ],
    "subtitle": "subtitles.block.button.click"
  },
  "block.wooden_button.click_on": {
    "replace": true,
    "sounds": [
      {
        "name": "random/click",
        "pitch": 0.6,
        "volume": 0.3
      }
    ],
    "subtitle": "subtitles.block.button.click"
  },
  "block.wooden_door.close": {
    "replace": true,
    "sounds": [
      "block/door/door_close",
      "block/door/door_open"
    ],
    "subtitle": "subtitles.block.door.toggle"
  },
  "block.wooden_door.open": {
    "replace": true,
    "sounds": [
      "block/door/door_close",
      "block/door/door_open"
    ],
    "subtitle": "subtitles.block.door.toggle"
  },
  "block.wooden_pressure_plate.click_off": {
    "replace": true,
    "sounds": [
      {
        "name": "random/click",
        "pitch": 0.5,
        "volume": 0.3
      }
    ],
    "subtitle": "subtitles.block.pressure_plate.click"
  },
  "block.wooden_pressure_plate.click_on": {
    "replace": true,
    "sounds": [
      {
        "name": "random/click",
        "pitch": 0.6,
        "volume": 0.3
      }
    ],
    "subtitle": "subtitles.block.pressure_plate.click"
  },
  "block.wooden_trapdoor.close": {
    "replace": true,
    "sounds": [
      "block/door/door_close",
      "block/door/door_open"
    ],
    "subtitle": "subtitles.block.trapdoor.toggle"
  },
  "block.wooden_trapdoor.open": {
    "replace": true,
    "sounds": [
      "block/door/door_close",
      "block/door/door_open"
    ],
    "subtitle": "subtitles.block.trapdoor.toggle"
  },
  "block.wool.break": {
    "sounds": [
      "dig/cloth1",
      "dig/cloth2",
      "dig/cloth3",
      "dig/cloth4"
    ],
    "subtitle": "subtitles.block.generic.break"
  },
  "block.wool.fall": {
    "sounds": [
      "step/cloth1",
      "step/cloth2",
      "step/cloth3",
      "step/cloth4"
    ]
  },
  "block.wool.hit": {
    "sounds": [
      "step/cloth1",
      "step/cloth2",
      "step/cloth3",
      "step/cloth4"
    ],
    "subtitle": "subtitles.block.generic.hit"
  },
  "block.wool.place": {
    "sounds": [
      "dig/cloth1",
      "dig/cloth2",
      "dig/cloth3",
      "dig/cloth4"
    ],
    "subtitle": "subtitles.block.generic.place"
  },
  "block.wool.step": {
    "sounds": [
      "step/cloth1",
      "step/cloth2",
      "step/cloth3",
      "step/cloth4"
    ],
    "subtitle": "subtitles.block.generic.footsteps"
  },
  "entity.arrow.hit": {
    "replace": true,
    "sounds": [
      "random/bowhit1"
    ],
    "subtitle": "subtitles.entity.arrow.hit"
  },
  "entity.arrow.hit_player": {
    "replace": true,
    "sounds": []
  },
  "entity.arrow.shoot": {
    "replace": true,
    "sounds": [
      "random/bow"
    ],
    "subtitle": "subtitles.entity.arrow.shoot"
  },
  "entity.boat.paddle_land": {
    "replace": true,
    "sounds": []
  },
  "entity.boat.paddle_water": {
    "replace": true,
    "sounds": []
  },
  "entity.chicken.ambient": {
    "sounds": [
      "mob/chicken/say1",
      "mob/chicken/say2",
      "mob/chicken/say3"
    ],
    "subtitle": "subtitles.entity.chicken.ambient"
  },
  "entity.chicken.death": {
    "sounds": [
      "mob/chicken/hurt1",
      "mob/chicken/hurt2"
    ],
    "subtitle": "subtitles.entity.chicken.death"
  },
  "entity.chicken.egg": {
    "sounds": [
      "mob/chicken/plop"
    ],
    "subtitle": "subtitles.entity.chicken.egg"
  },
  "entity.chicken.hurt": {
    "sounds": [
      "mob/chicken/hurt1",
      "mob/chicken/hurt2"
    ],
    "subtitle": "subtitles.entity.chicken.hurt"
  },
  "entity.chicken.step": {
    "sounds": [
      "mob/chicken/step1",
      "mob/chicken/step2"
    ],
    "subtitle": "subtitles.block.generic.footsteps"
  },
  "entity.cow.ambient": {
    "replace": true,
    "sounds": [
      "mob/cow/cow1",
      "mob/cow/cow2",
      "mob/cow/cow3",
      "mob/cow/cow4"
    ],
    "subtitle": "subtitles.entity.cow.ambient"
  },
  "entity.cow.death": {
    "replace": true,
    "sounds": [
      "mob/cow/cowhurt1",
      "mob/cow/cowhurt2",
      "mob/cow/cowhurt3"
    ],
    "subtitle": "subtitles.entity.cow.death"
  },
  "entity.cow.hurt": {
    "replace": true,
    "sounds": [
      "mob/cow/cowhurt1",
      "mob/cow/cowhurt2",
      "mob/cow/cowhurt3"
    ],
    "subtitle": "subtitles.entity.cow.hurt"
  },
  "entity.cow.milk": {
    "replace": true,
    "sounds": []
  },
  "entity.cow.step": {
    "sounds": [
      "mob/cow/step1",
      "mob/cow/step2",
      "mob/cow/step3",
      "mob/cow/step4"
    ],
    "subtitle": "subtitles.block.generic.footsteps"
  },
  "entity.creeper.death": {
    "sounds": [
      "mob/creeper/death"
    ],
    "subtitle": "subtitles.entity.creeper.death"
  },
  "entity.creeper.hurt": {
    "sounds": [
      "mob/creeper/say1",
      "mob/creeper/say2",
      "mob/creeper/say3",
      "mob/creeper/say4"
    ],
    "subtitle": "subtitles.entity.creeper.hurt"
  },
  "entity.creeper.primed": {
    "sounds": [
      "random/fuse"
    ],
    "subtitle": "subtitles.entity.creeper.primed"
  },
  "entity.egg.throw": {
    "replace": true,
    "sounds": [
      "random/bow"
    ],
    "subtitle": "subtitles.entity.egg.throw"
  },
  "entity.fishing_bobber.retrieve": {
    "replace": true,
    "sounds": []
  },
  "entity.fishing_bobber.splash": {
    "sounds": [
      "random/splash"
    ],
    "subtitle": "subtitles.entity.fishing_bobber.splash"
  },
  "entity.fishing_bobber.throw": {
    "replace": true,
    "sounds": [
      "random/bow"
    ],
    "subtitle": "subtitles.entity.fishing_bobber.throw"
  },
  "entity.generic.big_fall": {
    "replace": true,
    "sounds": []
  },
  "entity.generic.burn": {
    "sounds": [
      "random/fizz"
    ],
    "subtitle": "subtitles.entity.generic.burn"
  },
  "entity.generic.death": {
    "replace": true,
    "sounds": [
      "damage/hurtflesh1",
      "damage/hurtflesh2",
      "damage/hurtflesh3"
    ],
    "subtitle": "subtitles.entity.generic.death"
  },
  "entity.generic.eat": {
    "sounds": [
      "random/eat1",
      "random/eat2",
      "random/eat3"
    ],
    "subtitle": "subtitles.entity.generic.eat"
  },
  "entity.generic.explode": {
    "replace": true,
    "sounds": [
      "random/explode"
    ],
    "subtitle": "subtitles.entity.generic.explode"
  },
  "entity.generic.extinguish_fire": {
    "sounds": [
      "random/fizz"
    ],
    "subtitle": "subtitles.entity.generic.extinguish_fire"
  },
  "entity.generic.hurt": {
    "replace": true,
    "sounds": [
      "damage/hurtflesh1",
      "damage/hurtflesh2",
      "damage/hurtflesh3"
    ],
    "subtitle": "subtitles.entity.generic.hurt"
  },
  "entity.generic.small_fall": {
    "replace": true,
    "sounds": []
  },
  "entity.generic.splash": {
    "replace": true,
    "sounds": [
      "random/splash"
    ],
    "subtitle": "subtitles.entity.generic.splash"
  },
  "entity.generic.swim": {
    "replace": true,
    "sounds": []
  },
  "entity.ghast.ambient": {
    "sounds": [
      "mob/ghast/moan1",
      "mob/ghast/moan2",
      "mob/ghast/moan3",
      "mob/ghast/moan4",
      "mob/ghast/moan5",
      "mob/ghast/moan6",
      "mob/ghast/moan7"
    ],
    "subtitle": "subtitles.entity.ghast.ambient"
  },
  "entity.ghast.death": {
    "sounds": [
      "mob/ghast/death"
    ],
    "subtitle": "subtitles.entity.ghast.death"
  },
  "entity.ghast.hurt": {
    "sounds": [
      "mob/ghast/scream1",
      "mob/ghast/scream2",
      "mob/ghast/scream3",
      "mob/ghast/scream4",
      "mob/ghast/scream5"
    ],
    "subtitle": "subtitles.entity.ghast.hurt"
  },
  "entity.ghast.scream": {
    "sounds": [
      "mob/ghast/affectionate_scream"
    ]
  },
  "entity.ghast.shoot": {
    "sounds": [
      "mob/ghast/fireball4"
    ],
    "subtitle": "subtitles.entity.ghast.shoot"
  },
  "entity.ghast.warn": {
    "sounds": [
      "mob/ghast/charge"
    ],
    "subtitle": "subtitles.entity.ghast.shoot"
  },
  "entity.hostile.big_fall": {
    "replace": true,
    "sounds": []
  },
  "entity.hostile.death": {
    "replace": true,
    "sounds": [
      "damage/hurtflesh1",
      "damage/hurtflesh2",
      "damage/hurtflesh3"
    ],
    "subtitle": "subtitles.entity.generic.death"
  },
  "entity.hostile.hurt": {
    "replace": true,
    "sounds": [
      "damage/hurtflesh1",
      "damage/hurtflesh2",
      "damage/hurtflesh3"
    ],
    "subtitle": "subtitles.entity.generic.hurt"
  },
  "entity.hostile.small_fall": {
    "replace": true,
    "sounds": []
  },
  "entity.hostile.splash": {
    "replace": true,
    "sounds": [
      "random/splash"
    ],
    "subtitle": "subtitles.entity.generic.splash"
  },
  "entity.hostile.swim": {
    "replace": true,
    "sounds": []
  },
  "entity.item.break": {
    "replace": true,
    "sounds": []
  },
  "entity.item.pickup": {
    "sounds": [
      "random/pop"
    ],
    "subtitle": "subtitles.entity.item.pickup"
  },
  "entity.lightning_bolt.impact": {
    "replace": true,
    "sounds": [
      "random/explode"
    ],
    "subtitle": "subtitles.entity.lightning_bolt.impact"
  },
  "entity.lightning_bolt.thunder": {
    "sounds": [
      "ambient/weather/thunder1",
      "ambient/weather/thunder2",
      "ambient/weather/thunder3"
    ],
    "subtitle": "subtitles.entity.lightning_bolt.thunder"
  },
  "entity.minecart.inside": {
    "replace": true,
    "sounds": []
  },
  "entity.minecart.inside.underwater": {
    "replace": true,
    "sounds": []
  },
  "entity.minecart.riding": {
    "replace": true,
    "sounds": []
  },
  "entity.painting.break": {
    "replace": true,
    "sounds": []
  },
  "entity.painting.place": {
    "replace": true,
    "sounds": []
  },
  "entity.pig.ambient": {
    "sounds": [
      "mob/pig/say1",
      "mob/pig/say2",
      "mob/pig/say3"
    ],
    "subtitle": "subtitles.entity.pig.ambient"
  },
  "entity.pig.death": {
    "sounds": [
      "mob/pig/death"
    ],
    "subtitle": "subtitles.entity.pig.death"
  },
  "entity.pig.hurt": {
    "sounds": [
      "mob/pig/say1",
      "mob/pig/say2",
      "mob/pig/say3"
    ],
    "subtitle": "subtitles.entity.pig.hurt"
  },
  "entity.pig.saddle": {
    "replace": true,
    "sounds": []
  },
  "entity.pig.step": {
    "sounds": [
      "mob/pig/step1",
      "mob/pig/step2",
      "mob/pig/step3",
      "mob/pig/step4",
      "mob/pig/step5"
    ],
    "subtitle": "subtitles.block.generic.footsteps"
  },
  "entity.player.attack.crit": {
    "replace": true,
    "sounds": []
  },
  "entity.player.attack.knockback": {
    "replace": true,
    "sounds": []
  },
  "entity.player.attack.nodamage": {
    "replace": true,
    "sounds": []
  },
  "entity.player.attack.strong": {
    "replace": true,
    "sounds": []
  },
  "entity.player.attack.sweep": {
    "replace": true,
    "sounds": []
  },
  "entity.player.attack.weak": {
    "replace": true,
    "sounds": []
  },
  "entity.player.big_fall": {
    "replace": true,
    "sounds": []
  },
  "entity.player.breath": {
    "sounds": [
      "random/breath"
    ]
  },
  "entity.player.burp": {
    "sounds": [
      "random/burp"
    ],
    "subtitle": "subtitles.entity.player.burp"
  },
  "entity.player.death": {
    "replace": true,
    "sounds": []
  },
  "entity.player.hurt": {
    "replace": true,
    "sounds": [
      "damage/hurt"
    ],
    "subtitle": "subtitles.entity.player.hurt"
  },
  "entity.player.hurt_drown": {
    "replace": true,
    "sounds": [
      "damage/hurt"
    ],
    "subtitle": "subtitles.entity.player.hurt_drown"
  },
  "entity.player.hurt_freeze": {
    "replace": true,
    "sounds": [
      "damage/hurt"
    ],
    "subtitle": "subtitles.entity.player.freeze_hurt"
  },
  "entity.player.hurt_on_fire": {
    "replace": true,
    "sounds": [
      "damage/hurt"
    ],
    "subtitle": "subtitles.entity.player.hurt_on_fire"
  },
  "entity.player.levelup": {
    "replace": true,
    "sounds": []
  },
  "entity.player.small_fall": {
    "replace": true,
    "sounds": []
  },
  "entity.player.splash": {
    "replace": true,
    "sounds": [
      "random/splash"
    ],
    "subtitle": "subtitles.entity.generic.splash"
  },
  "entity.player.splash.high_speed": {
    "replace": true,
    "sounds": [
      "random/splash"
    ],
    "subtitle": "subtitles.entity.generic.splash"
  },
  "entity.player.swim": {
    "replace": true,
    "sounds": []
  },
  "ui.cartography_table.take_result": {
    "replace": true,
    "sounds": [],
    "subtitle": "subtitles.ui.cartography_table.take_result"
  },
  "ui.hud.bubble_pop": {
    "replace": true,
    "sounds": [],
    "subtitle": "subtitles.ui.hud.bubble_pop"
  },
  "entity.sheep.ambient": {
    "sounds": [
      "mob/sheep/sheep1",
      "mob/sheep/sheep2",
      "mob/sheep/sheep3"
    ],
    "subtitle": "subtitles.entity.sheep.ambient"
  },
  "entity.sheep.death": {
    "sounds": [
      "mob/sheep/sheep1",
      "mob/sheep/sheep2",
      "mob/sheep/sheep3"
    ],
    "subtitle": "subtitles.entity.sheep.death"
  },
  "entity.sheep.hurt": {
    "sounds": [
      "mob/sheep/sheep1",
      "mob/sheep/sheep2",
      "mob/sheep/sheep3"
    ],
    "subtitle": "subtitles.entity.sheep.hurt"
  },
  "entity.sheep.shear": {
    "replace": true,
    "sounds": []
  },
  "entity.sheep.step": {
    "sounds": [
      "mob/sheep/step1",
      "mob/sheep/step2",
      "mob/sheep/step3",
      "mob/sheep/step4",
      "mob/sheep/step5"
    ],
    "subtitle": "subtitles.block.generic.footsteps"
  },
  "entity.skeleton.ambient": {
    "sounds": [
      "mob/skeleton/skeleton1",
      "mob/skeleton/skeleton2",
      "mob/skeleton/skeleton3"
    ],
    "subtitle": "subtitles.entity.skeleton.ambient"
  },
  "entity.skeleton.death": {
    "replace": true,
    "sounds": [
      "mob/skeleton/skeletondeath"
    ],
    "subtitle": "subtitles.entity.skeleton.death"
  },
  "entity.skeleton.hurt": {
    "replace": true,
    "sounds": [
      "mob/skeleton/skeletonhurt1",
      "mob/skeleton/skeletonhurt2",
      "mob/skeleton/skeletonhurt3",
      "mob/skeleton/skeletonhurt4"
    ],
    "subtitle": "subtitles.entity.skeleton.hurt"
  },
  "entity.skeleton.shoot": {
    "replace": true,
    "sounds": [
      "random/bow"
    ],
    "subtitle": "subtitles.entity.skeleton.shoot"
  },
  "entity.skeleton.step": {
    "sounds": [
      "mob/skeleton/step1",
      "mob/skeleton/step2",
      "mob/skeleton/step3",
      "mob/skeleton/step4"
    ],
    "subtitle": "subtitles.block.generic.footsteps"
  },
  "entity.slime.attack": {
    "sounds": [
      "mob/slime/attack1",
      "mob/slime/attack2"
    ],
    "subtitle": "subtitles.entity.slime.attack"
  },
  "entity.slime.death": {
    "replace": true,
    "sounds": [
      "mob/slime/small1",
      "mob/slime/small2",
      "mob/slime/small3",
      "mob/slime/small4",
      "mob/slime/small5"
    ],
    "subtitle": "subtitles.entity.slime.death"
  },
  "entity.slime.death_small": {
    "sounds": [
      "mob/slime/small1",
      "mob/slime/small2",
      "mob/slime/small3",
      "mob/slime/small4",
      "mob/slime/small5"
    ],
    "subtitle": "subtitles.entity.slime.death"
  },
  "entity.slime.hurt": {
    "replace": true,
    "sounds": [
      "mob/slime/small1",
      "mob/slime/small2",
      "mob/slime/small3",
      "mob/slime/small4",
      "mob/slime/small5"
    ],
    "subtitle": "subtitles.entity.slime.hurt"
  },
  "entity.slime.hurt_small": {
    "sounds": [
      "mob/slime/small1",
      "mob/slime/small2",
      "mob/slime/small3",
      "mob/slime/small4",
      "mob/slime/small5"
    ],
    "subtitle": "subtitles.entity.slime.hurt"
  },
  "entity.slime.jump": {
    "replace": true,
    "sounds": [
      "mob/slime/small1",
      "mob/slime/small2",
      "mob/slime/small3",
      "mob/slime/small4",
      "mob/slime/small5"
    ],
    "subtitle": "subtitles.entity.slime.squish"
  },
  "entity.slime.jump_small": {
    "sounds": [
      "mob/slime/small1",
      "mob/slime/small2",
      "mob/slime/small3",
      "mob/slime/small4",
      "mob/slime/small5"
    ],
    "subtitle": "subtitles.entity.slime.squish"
  },
  "entity.slime.squish": {
    "replace": true,
    "sounds": [
      "mob/slime/small1",
      "mob/slime/small2",
      "mob/slime/small3",
      "mob/slime/small4",
      "mob/slime/small5"
    ],
    "subtitle": "subtitles.entity.slime.squish"
  },
  "entity.slime.squish_small": {
    "sounds": [
      "mob/slime/small1",
      "mob/slime/small2",
      "mob/slime/small3",
      "mob/slime/small4",
      "mob/slime/small5"
    ],
    "subtitle": "subtitles.entity.slime.squish"
  },
  "entity.snowball.throw": {
    "replace": true,
    "sounds": [
      "random/bow"
    ],
    "subtitle": "subtitles.entity.snowball.throw"
  },
  "entity.spider.ambient": {
    "sounds": [
      "mob/spider/say1",
      "mob/spider/say2",
      "mob/spider/say3",
      "mob/spider/say4"
    ],
    "subtitle": "subtitles.entity.spider.ambient"
  },
  "entity.spider.death": {
    "sounds": [
      "mob/spider/death"
    ],
    "subtitle": "subtitles.entity.spider.death"
  },
  "entity.spider.hurt": {
    "sounds": [
      "mob/spider/say1",
      "mob/spider/say2",
      "mob/spider/say3",
      "mob/spider/say4"
    ],
    "subtitle": "subtitles.entity.spider.hurt"
  },
  "entity.spider.step": {
    "sounds": [
      "mob/spider/step1",
      "mob/spider/step2",
      "mob/spider/step3",
      "mob/spider/step4"
    ],
    "subtitle": "subtitles.block.generic.footsteps"
  },
  "entity.squid.ambient": {
    "replace": true,
    "sounds": []
  },
  "entity.squid.death": {
    "replace": true,
    "sounds": []
  },
  "entity.squid.hurt": {
    "replace": true,
    "sounds": []
  },
  "entity.squid.squirt": {
    "replace": true,
    "sounds": []
  },
  "entity.tnt.primed": {
    "sounds": [
      "random/fuse"
    ],
    "subtitle": "subtitles.entity.tnt.primed"
  },
  "entity.wolf.ambient": {
    "sounds": [
      "mob/wolf/bark1",
      "mob/wolf/bark2",
      "mob/wolf/bark3"
    ],
    "subtitle": "subtitles.entity.wolf.ambient"
  },
  "entity.wolf.death": {
    "sounds": [
      "mob/wolf/death"
    ],
    "subtitle": "subtitles.entity.wolf.death"
  },
  "entity.wolf.growl": {
    "sounds": [
      "mob/wolf/growl1",
      "mob/wolf/growl2",
      "mob/wolf/growl3"
    ],
    "subtitle": "subtitles.entity.wolf.growl"
  },
  "entity.wolf.howl": {
    "sounds": [
      "mob/wolf/howl1",
      "mob/wolf/howl2"
    ]
  },
  "entity.wolf.hurt": {
    "sounds": [
      "mob/wolf/hurt1",
      "mob/wolf/hurt2",
      "mob/wolf/hurt3"
    ],
    "subtitle": "subtitles.entity.wolf.hurt"
  },
  "entity.wolf.pant": {
    "sounds": [
      "mob/wolf/panting"
    ],
    "subtitle": "subtitles.entity.wolf.ambient"
  },
  "entity.wolf.shake": {
    "sounds": [
      "mob/wolf/shake"
    ],
    "subtitle": "subtitles.entity.wolf.shake"
  },
  "entity.wolf.step": {
    "sounds": [
      "mob/wolf/step1",
      "mob/wolf/step2",
      "mob/wolf/step3",
      "mob/wolf/step4",
      "mob/wolf/step5"
    ],
    "subtitle": "subtitles.block.generic.footsteps"
  },
  "entity.wolf.whine": {
    "sounds": [
      "mob/wolf/whine"
    ],
    "subtitle": "subtitles.entity.wolf.ambient"
  },
  "entity.zombie.ambient": {
    "sounds": [
      "mob/zombie/say1",
      "mob/zombie/say2",
      "mob/zombie/say3"
    ],
    "subtitle": "subtitles.entity.zombie.ambient"
  },
  "entity.zombie.attack_iron_door": {
    "replace": true,
    "sounds": [
      "mob/zombie/wood1",
      "mob/zombie/wood2",
      "mob/zombie/wood3",
      "mob/zombie/wood4"
    ],
    "subtitle": "subtitles.block.generic.break"
  },
  "entity.zombie.attack_wooden_door": {
    "sounds": [
      "mob/zombie/wood1",
      "mob/zombie/wood2",
      "mob/zombie/wood3",
      "mob/zombie/wood4"
    ],
    "subtitle": "subtitles.entity.zombie.attack_wooden_door"
  },
  "entity.zombie.converted_to_drowned": {
    "replace": true,
    "sounds": []
  },
  "entity.zombie.break_wooden_door": {
    "sounds": [],
    "subtitle": "subtitles.entity.zombie.break_wooden_door"
  },
  "entity.zombie.death": {
    "sounds": [
      "mob/zombie/death"
    ],
    "subtitle": "subtitles.entity.zombie.death"
  },
  "entity.zombie.destroy_egg": {
    "sounds": [],
    "subtitle": "subtitles.entity.zombie.destroy_egg"
  },
  "entity.zombie.hurt": {
    "sounds": [
      "mob/zombie/hurt1",
      "mob/zombie/hurt2"
    ],
    "subtitle": "subtitles.entity.zombie.hurt"
  },
  "entity.zombie.infect": {
    "sounds": [],
    "subtitle": "subtitles.entity.zombie.infect"
  },
  "entity.zombie.step": {
    "sounds": [
      "mob/zombie/step1",
      "mob/zombie/step2",
      "mob/zombie/step3",
      "mob/zombie/step4",
      "mob/zombie/step5"
    ],
    "subtitle": "subtitles.block.generic.footsteps"
  },
  "entity.zombified_piglin.ambient": {
    "sounds": [
      "mob/zombified_piglin/zpig1",
      "mob/zombified_piglin/zpig2",
      "mob/zombified_piglin/zpig3",
      "mob/zombified_piglin/zpig4"
    ],
    "subtitle": "subtitles.entity.zombified_piglin.ambient"
  },
  "entity.zombified_piglin.angry": {
    "sounds": [
      "mob/zombified_piglin/zpigangry1",
      "mob/zombified_piglin/zpigangry2",
      "mob/zombified_piglin/zpigangry3",
      "mob/zombified_piglin/zpigangry4"
    ],
    "subtitle": "subtitles.entity.zombified_piglin.angry"
  },
  "entity.zombified_piglin.death": {
    "sounds": [
      "mob/zombified_piglin/zpigdeath"
    ],
    "subtitle": "subtitles.entity.zombified_piglin.death"
  },
  "entity.zombified_piglin.hurt": {
    "sounds": [
      "mob/zombified_piglin/zpighurt1",
      "mob/zombified_piglin/zpighurt2"
    ],
    "subtitle": "subtitles.entity.zombified_piglin.hurt"
  },
  "item.armor.equip_chain": {
    "replace": true,
    "sounds": []
  },
  "item.armor.equip_diamond": {
    "replace": true,
    "sounds": []
  },
  "item.armor.equip_generic": {
    "replace": true,
    "sounds": []
  },
  "item.armor.equip_gold": {
    "replace": true,
    "sounds": []
  },
  "item.armor.equip_iron": {
    "replace": true,
    "sounds": []
  },
  "item.armor.equip_leather": {
    "replace": true,
    "sounds": []
  },
  "item.axe.strip": {
    "replace": true,
    "sounds": []
  },
  "item.shovel.flatten": {
    "replace": true,
    "sounds": []
  },
  "item.bone_meal.use": {
    "replace": true,
    "sounds": []
  },
  "item.bucket.empty": {
    "replace": true,
    "sounds": []
  },
  "item.bucket.empty_lava": {
    "replace": true,
    "sounds": []
  },
  "item.bucket.fill": {
    "replace": true,
    "sounds": []
  },
  "item.bucket.fill_lava": {
    "replace": true,
    "sounds": []
  },
  "item.crop.plant": {
    "replace": true,
    "sounds": []
  },
  "item.dye.use": {
    "replace": true,
    "sounds": []
  },
  "item.firecharge.use": {
    "sounds": [
      "mob/ghast/fireball4"
    ],
    "subtitle": "subtitles.item.firecharge.use"
  },
  "item.flintandsteel.use": {
    "replace": true,
    "sounds": [
      "fire/ignite"
    ],
    "subtitle": "subtitles.item.flintandsteel.use"
  },
  "item.hoe.till": {
    "replace": true,
    "sounds": []
  },
  "item.ink_sac.use": {
    "replace": true,
    "sounds": []
  },
  "music.game": {
    "replace": "true",
    "sounds": [
      {
        "name": "music/game/calm1",
        "stream": true
      },
      {
        "name": "music/game/calm2",
        "stream": true
      },
      {
        "name": "music/game/calm3",
        "stream": true
      },
      {
        "name": "music/game/hal1",
        "stream": true
      },
      {
        "name": "music/game/hal2",
        "stream": true
      },
      {
        "name": "music/game/hal3",
        "stream": true
      },
      {
        "name": "music/game/hal4",
        "stream": true
      },
      {
        "name": "music/game/nuance1",
        "stream": true
      },
      {
        "name": "music/game/nuance2",
        "stream": true
      },
      {
        "name": "music/game/piano1",
        "stream": true
      },
      {
        "name": "music/game/piano2",
        "stream": true
      },
      {
        "name": "music/game/piano3",
        "stream": true
      }
    ]
  },
  "music.menu": {
    "replace": "true",
    "sounds": [
      {
        "name": "music.game",
        "type": "event"
      }
    ]
  },
  "music.overworld.badlands": {
    "replace": "true",
    "sounds": [
      {
        "name": "music.game",
        "type": "event"
      }
    ]
  },
  "music.overworld.desert": {
    "replace": "true",
    "sounds": [
      {
        "name": "music.game",
        "type": "event"
      }
    ]
  },
  "music.overworld.forest": {
    "replace": "true",
    "sounds": [
      {
        "name": "music.game",
        "type": "event"
      }
    ]
  },
  "music.overworld.frozen_peaks": {
    "replace": "true",
    "sounds": [
      {
        "name": "music.game",
        "type": "event"
      }
    ]
  },
  "music.overworld.grove": {
    "replace": "true",
    "sounds": [
      {
        "name": "music.game",
        "type": "event"
      }
    ]
  },
  "music.overworld.jagged_peaks": {
    "replace": "true",
    "sounds": [
      {
        "name": "music.game",
        "type": "event"
      }
    ]
  },
  "music.overworld.meadow": {
    "replace": "true",
    "sounds": [
      {
        "name": "music.game",
        "type": "event"
      }
    ]
  },
  "music.overworld.old_growth_taiga": {
    "replace": "true",
    "sounds": [
      {
        "name": "music.game",
        "type": "event"
      }
    ]
  },
  "music.overworld.snowy_slopes": {
    "replace": "true",
    "sounds": [
      {
        "name": "music.game",
        "type": "event"
      }
    ]
  },
  "music.overworld.sparse_jungle": {
    "replace": "true",
    "sounds": [
      {
        "name": "music.game",
        "type": "event"
      }
    ]
  },
  "music.overworld.stony_peaks": {
    "replace": "true",
    "sounds": [
      {
        "name": "music.game",
        "type": "event"
      }
    ]
  },
  "music.under_water": {
    "replace": "true",
    "sounds": [
      {
        "name": "music.game",
        "type": "event"
      }
    ]
  },
  "music.nether.nether_wastes": {
    "replace": "true",
    "sounds": [
      {"name": "music.game", "type": "event"}
    ]
  },
  "music_disc.13": {
    "sounds": [
      {
        "name": "records/13",
        "stream": true
      }
    ]
  },
  "music_disc.cat": {
    "sounds": [
      {
        "name": "records/cat",
        "stream": true
      }
    ]
  },
  "ui.button.click": {
    "sounds": [
      "random/click_stereo"
    ]
  },
  "weather.rain": {
    "replace": true,
    "sounds": [
      "ambient/weather/rain1",
      "ambient/weather/rain2",
      "ambient/weather/rain3",
      "ambient/weather/rain4"
    ],
    "subtitle": "subtitles.weather.rain"
  },
  "weather.rain.above": {
    "replace": true,
    "sounds": [
      "ambient/weather/rain1",
      "ambient/weather/rain2",
      "ambient/weather/rain3",
      "ambient/weather/rain4"
    ],
    "subtitle": "subtitles.weather.rain"
  },
  "block.cloth.break": {
    "replace": true,
    "sounds": [
      {
        "name": "block.wool.break",
        "type": "event"
      }
    ],
    "subtitle": "subtitles.block.generic.break"
  },
  "block.cloth.fall": {
    "replace": true,
    "sounds": [
      {
        "name": "block.wool.fall",
        "type": "event"
      }
    ]
  },
  "block.cloth.hit": {
    "replace": true,
    "sounds": [
      {
        "name": "block.wool.hit",
        "type": "event"
      }
    ],
    "subtitle": "subtitles.block.generic.hit"
  },
  "block.cloth.step": {
    "replace": true,
    "sounds": [
      {
        "name": "block.wool.step",
        "type": "event"
      }
    ],
    "subtitle": "subtitles.block.generic.footsteps"
  },
  "block.stone_pressureplate.click_off": {
    "replace": true,
    "sounds": [
      {
        "name": "block.stone_pressure_plate.click_off",
        "type": "event"
      }
    ],
    "subtitle": "subtitles.block.pressure_plate.click"
  },
  "block.stone_pressureplate.click_on": {
    "replace": true,
    "sounds": [
      {
        "name": "block.stone_pressure_plate.click_on",
        "type": "event"
      }
    ],
    "subtitle": "subtitles.block.pressure_plate.click"
  },
  "block.wood_button.click_off": {
    "replace": true,
    "sounds": [
      {
        "name": "block.wooden_button.click_off",
        "type": "event"
      }
    ],
    "subtitle": "subtitles.block.button.click"
  },
  "block.wood_button.click_on": {
    "replace": true,
    "sounds": [
      {
        "name": "block.wooden_button.click_on",
        "type": "event"
      }
    ],
    "subtitle": "subtitles.block.button.click"
  },
  "block.wood_pressureplate.click_off": {
    "replace": true,
    "sounds": [
      {
        "name": "block.wooden_pressure_plate.click_off",
        "type": "event"
      }
    ],
    "subtitle": "subtitles.block.pressure_plate.click"
  },
  "block.wood_pressureplate.click_on": {
    "replace": true,
    "sounds": [
      {
        "name": "block.wooden_pressure_plate.click_on",
        "type": "event"
      }
    ],
    "subtitle": "subtitles.block.pressure_plate.click"
  },
  "entity.bobber.splash": {
    "replace": true,
    "sounds": [
      {
        "name": "entity.fishing_bobber.splash",
        "type": "event"
      }
    ],
    "subtitle": "subtitles.entity.bobber.splash"
  },
  "entity.bobber.throw": {
    "replace": true,
    "sounds": [
      {
        "name": "entity.fishing_bobber.throw",
        "type": "event"
      }
    ],
    "subtitle": "subtitles.entity.bobber.throw"
  },
  "entity.lightning.impact": {
    "replace": true,
    "sounds": [
      {
        "name": "entity.lightning_bolt.impact",
        "type": "event"
      }
    ],
    "subtitle": "subtitles.entity.lightning.impact"
  },
  "entity.lightning.thunder": {
    "replace": true,
    "sounds": [
      {
        "name": "entity.lightning_bolt.thunder",
        "type": "event"
      }
    ],
    "subtitle": "subtitles.entity.lightning.thunder"
  },
  "entity.small_slime.death": {
    "replace": true,
    "sounds": [
      {
        "name": "entity.slime.death_small",
        "type": "event"
      }
    ]
  },
  "entity.small_slime.hurt": {
    "replace": true,
    "sounds": [
      {
        "name": "entity.slime.hurt_small",
        "type": "event"
      }
    ],
    "subtitle": "subtitles.entity.small_slime.squish"
  },
  "entity.zombie.attack_door_wood": {
    "replace": true,
    "sounds": [
      {
        "name": "entity.zombie.attack_wooden_door",
        "type": "event"
      }
    ],
    "subtitle": "subtitles.block.generic.break"
  },
  "entity.zombie.break_door_wood": {
    "replace": true,
    "sounds": [
      {
        "name": "entity.zombie.break_wooden_door",
        "type": "event"
      }
    ],
    "subtitle": "subtitles.block.generic.break"
  },
  "entity.zombie_pig.ambient": {
    "replace": true,
    "sounds": [
      {
        "name": "entity.zombified_piglin.ambient",
        "type": "event"
      }
    ],
    "subtitle": "subtitles.entity.zombie_pigman.ambient"
  },
  "entity.zombie_pig.angry": {
    "replace": true,
    "sounds": [
      {
        "name": "entity.zombified_piglin.angry",
        "type": "event"
      }
    ],
    "subtitle": "subtitles.entity.zombie_pigman.angry"
  },
  "entity.zombie_pig.death": {
    "replace": true,
    "sounds": [
      {
        "name": "entity.zombified_piglin.death",
        "type": "event"
      }
    ],
    "subtitle": "subtitles.entity.zombie_pigman.death"
  },
  "entity.zombie_pig.hurt": {
    "replace": true,
    "sounds": [
      {
        "name": "entity.zombified_piglin.hurt",
        "type": "event"
      }
    ],
    "subtitle": "subtitles.entity.zombie_pigman.hurt"
  }
}