{
	"ambientocclusion": false,
	"texture_size": [22, 17],
	"elements": [
		{
			"from": [3, 0, 7.5],
			"to": [13, 16, 8.5],
			"rotation": {"angle": 0, "axis": "y", "origin": [8, 8, 8]},
			"faces": {
				"north": {"uv": [8.72727, 0.94118, 16, 16], "texture": "#0"},
				"east": {"uv": [8, 0.94118, 8.72727, 16], "texture": "#0"},
				"south": {"uv": [0.72727, 0.94118, 8, 16], "texture": "#0"},
				"west": {"uv": [0, 0.94118, 0.72727, 16], "texture": "#0"},
				"up": {"uv": [0.72727, 0, 8, 0.94118], "rotation": 180, "texture": "#0"},
				"down": {"uv": [8, 0, 15.27273, 0.94118], "rotation": 180, "texture": "#0"}
			}
		}
	],
	"display": {
		"head": {
			"translation": [0, -45.86, -9.84],
			"scale": [2.1465, 2.1465, 2.1465]
		}
	}
}