{
	"credit": "Made with Blockbench",
	"textures": {
		"particle": "#texture"
	},
	"elements": [
		{
			"from": [5, 0, 6],
			"to": [11, 2, 10],
			"faces": {
				"north": {"uv": [5, 14, 11, 16], "texture": "#texture"},
				"east": {"uv": [6, 14, 10, 16], "texture": "#texture"},
				"south": {"uv": [5, 14, 11, 16], "texture": "#texture"},
				"west": {"uv": [6, 14, 10, 16], "texture": "#texture"},
				"up": {"uv": [5, 6, 11, 10], "texture": "#texture"},
				"down": {"uv": [5, 6, 11, 10], "texture": "#texture", "cullface": "down"}
			}
		}
	],
	"display": {
		"ground": {
			"scale": [0.5, 0.5, 0.5]
		}
	}
}