{
	"credit": "Made with Blockbench",
	"textures": {
		"particle": "#texture"
	},
	"elements": [
		{
			"from": [0, 13, 0],
			"to": [16, 16, 16],
			"faces": {
				"north": {"uv": [0, 16, 16, 13], "texture": "#texture", "cullface": "north"},
				"east": {"uv": [0, 16, 16, 13], "texture": "#texture", "cullface": "east"},
				"south": {"uv": [0, 16, 16, 13], "texture": "#texture", "cullface": "south"},
				"west": {"uv": [0, 16, 16, 13], "texture": "#texture", "cullface": "west"},
				"up": {"uv": [0, 0, 16, 16], "texture": "#texture", "cullface": "up"},
				"down": {"uv": [0, 0, 16, 16], "texture": "#texture"}
			}
		}
	],
	"display": {
		"ground": {
			"translation": [0, -6.5, 0],
			"scale": [0.5, 0.5, 0.5]
		}
	}
}