{
	"credit": "Made with Blockbench",
	"ambientocclusion": false,
	"texture_size": [64, 32],
	"textures": {
		"0": "item/boat",
		"particle": "item/boat"
	},
	"elements": [
		{
			"from": [0, 0, -4],
			"to": [16, 4, 20],
			"faces": {
				"north": {"uv": [0, 6, 1, 14], "rotation": 90, "texture": "#0"},
				"east": {"uv": [6.75, 4, 13, 6], "texture": "#0"},
				"south": {"uv": [8, 14, 7, 6], "rotation": 90, "texture": "#0"},
				"west": {"uv": [1, 4, 7, 6], "texture": "#0"},
				"up": {"uv": [14, 14, 8, 6], "rotation": 90, "texture": "#0"},
				"down": {"uv": [7, 14, 1, 6], "rotation": 90, "texture": "#0"}
			}
		},
		{
			"from": [-2, 4, 18],
			"to": [18, 10, 20],
			"faces": {
				"north": {"uv": [0.5, 1, 5.5, 4], "texture": "#0"},
				"east": {"uv": [0, 1, 0.5, 4], "texture": "#0"},
				"south": {"uv": [6, 1, 11, 4], "texture": "#0"},
				"west": {"uv": [5.5, 1, 6, 4], "texture": "#0"},
				"up": {"uv": [10.5, 1, 5.5, 0], "texture": "#0"},
				"down": {"uv": [5.5, 1, 0.5, 0], "texture": "#0"}
			}
		},
		{
			"from": [16, 4, -2],
			"to": [18, 10, 18],
			"rotation": {"angle": 0, "axis": "y", "origin": [8, 7, 20]},
			"faces": {
				"east": {"uv": [6, 1, 11, 4], "texture": "#0"},
				"west": {"uv": [0.5, 1, 5.5, 4], "texture": "#0"},
				"up": {"uv": [10.5, 1, 5.5, 0], "rotation": 270, "texture": "#0"},
				"down": {"uv": [0.75, 0, 5.75, 1], "rotation": 90, "texture": "#0"}
			}
		},
		{
			"from": [-2, 4, -2],
			"to": [0, 10, 18],
			"rotation": {"angle": 0, "axis": "y", "origin": [8, 7, 20]},
			"faces": {
				"east": {"uv": [0.5, 1, 5.5, 4], "texture": "#0"},
				"west": {"uv": [6, 1, 11, 4], "texture": "#0"},
				"up": {"uv": [0.5, 0, 5.5, 1], "rotation": 270, "texture": "#0"},
				"down": {"uv": [0.75, 0, 5.75, 1], "rotation": 90, "texture": "#0"}
			}
		},
		{
			"from": [-2, 4, -4],
			"to": [18, 10, -2],
			"faces": {
				"north": {"uv": [6, 1, 11, 4], "texture": "#0"},
				"east": {"uv": [5.5, 1, 6, 4], "texture": "#0"},
				"south": {"uv": [0.5, 1, 5.5, 4], "texture": "#0"},
				"west": {"uv": [0, 1, 0.5, 4], "texture": "#0"},
				"up": {"uv": [0.5, 0, 5.5, 1], "texture": "#0"},
				"down": {"uv": [0.5, 0, 5.5, 1], "texture": "#0"}
			}
		}
	],
	"display": {
		"head": {
			"translation": [0, -22, 16.5],
			"scale": [2.28575, 2.28575, 2.28575]
		}
	}
}