{
	"parent": "block/block",
	"credit": "Created by Stridey",
	"textures": {
		"top": "block/crafting_table_top",
		"particle": "block/crafting_table_front",
		"front": "block/crafting_table_front",
		"side": "block/crafting_table_side",
		"bottom": "block/oak_planks"
	},
	"elements": [
		{
			"from": [0, 0, 0],
			"to": [16, 16, 16],
			"faces": {
				"north": {"uv": [0, 0, 16, 16], "texture": "#side"},
				"east": {"uv": [0, 0, 16, 16], "texture": "#front"},
				"south": {"uv": [0, 0, 16, 16], "texture": "#front"},
				"west": {"uv": [0, 0, 16, 16], "texture": "#side"},
				"up": {"uv": [0, 0, 16, 16], "texture": "#top"},
				"down": {"uv": [0, 0, 16, 16], "texture": "#bottom"}
			}
		}
	],
	"display": {
		"thirdperson_righthand": {
			"rotation": [75, 45, 0],
			"translation": [0, 2.5, 0],
			"scale": [0.375, 0.375, 0.375]
		},
		"firstperson_righthand": {
			"rotation": [0, 45, 0],
			"scale": [0.4, 0.4, 0.4]
		},
		"gui": {
			"rotation": [30, 135, 0],
			"scale": [0.625, 0.625, 0.625]
		}
	}
}