{
	"credit": "Created by Stridey",
	"textures": {
		"particle": "block/sandstone_top",
		"top": "block/sandstone_top",
		"side": "block/sandstone",
		"bottom": "block/sandstone_bottom"
	},
	"elements": [
		{
			"from": [0, 0, 0],
			"to": [16, 8, 16],
			"faces": {
				"north": {"uv": [0, 8, 16, 16], "texture": "#side"},
				"east": {"uv": [0, 8, 16, 16], "texture": "#side"},
				"south": {"uv": [0, 8, 16, 16], "texture": "#side"},
				"west": {"uv": [0, 8, 16, 16], "texture": "#side"},
				"up": {"uv": [0, 0, 16, 16], "rotation": 180, "texture": "#top"},
				"down": {"uv": [0, 0, 16, 16], "texture": "#bottom"}
			}
		}
	],
	"display": {
		"thirdperson_righthand": {
			"rotation": [75, 135, 0],
			"translation": [0, 2.5, 0],
			"scale": [0.375, 0.375, 0.375]
		},
		"firstperson_righthand": {
			"rotation": [0, -135, 0],
			"scale": [0.4, 0.4, 0.4]
		},
		"ground": {
			"translation": [0, 1.25, 0],
			"scale": [0.25, 0.25, 0.25]
		},
		"gui": {
			"rotation": [30, 135, 0],
			"scale": [0.625, 0.625, 0.625]
		}
	}
}